{
  "clean": 0.5262901338763408,
  "40": 0.5611049486911556,
  "35": 0.5466663094249301,
  "30": 0.5881963757825827,
  "25": 0.5956989881127812,
  "20": 0.6269479945342015,
  "15": 0.6649867374005305,
  "10": 0.7449201118166635,
  "5": 0.8008493422286526,
  "0": 0.8299286409631238,
  "-5": 0.8660009466906018
}