{
  "clean": 0.5310713031260976,
  "40": 0.5286854583772392,
  "35": 0.5286854583772392,
  "30": 0.5376751844046364,
  "25": 0.5479149104320337,
  "20": 0.5933315770987003,
  "15": 0.6501352300667369,
  "10": 0.7455619950825431,
  "5": 0.8546246048472076,
  "0": 0.8779386195995784,
  "-5": 0.9058232349841939
}